,Price,Price/Earnings,Dividend Yield,Earnings/Share,52 Week Low,52 Week High,Market Cap,EBITDA,Price/Sales,Price/Book,Revenue,Book Value,EBITDA Margin,Range 52W pct,Price Pos 52W
Price,1.0,0.029169,-0.422841,0.785955,0.941744,0.982208,0.190248,0.170176,0.360525,0.139618,0.145012,0.117692,0.007479,0.261699,0.177633
Price/Earnings,0.029169,1.0,-0.048277,-0.174636,0.011462,0.039252,-0.01162,-0.043879,0.101222,0.016804,-0.045995,-0.051401,-0.053815,0.103671,0.077209
Dividend Yield,-0.422841,-0.048277,1.0,-0.335249,-0.36818,-0.419523,-0.198866,-0.138116,-0.231444,-0.071999,-0.114865,-0.100653,0.154939,-0.280882,-0.27877
Earnings/Share,0.785955,-0.174636,-0.335249,1.0,0.744071,0.758914,0.165714,0.192187,0.089228,0.035909,0.183733,0.172644,-0.043915,0.194941,0.144731
52 Week Low,0.941744,0.011462,-0.36818,0.744071,1.0,0.919545,0.163469,0.137128,0.300777,0.109842,0.13136,0.098684,-0.004245,-0.008698,0.044909
52 Week High,0.982208,0.039252,-0.419523,0.758914,0.919545,1.0,0.173688,0.150545,0.375367,0.145263,0.122604,0.098551,0.001234,0.340675,0.082337
Market Cap,0.190248,-0.01162,-0.198866,0.165714,0.163469,0.173688,1.0,0.958389,0.384515,0.101815,0.629081,0.792306,0.180962,0.060534,0.127409
EBITDA,0.170176,-0.043879,-0.138116,0.192187,0.137128,0.150545,0.958389,1.0,0.303902,0.062793,0.689617,0.869429,0.193892,0.065209,0.144062
Price/Sales,0.360525,0.101222,-0.231444,0.089228,0.300777,0.375367,0.384515,0.303902,1.0,0.188607,-0.026134,0.20297,0.650533,0.236067,0.121472
Price/Book,0.139618,0.016804,-0.071999,0.035909,0.109842,0.145263,0.101815,0.062793,0.188607,1.0,0.028259,-0.042058,0.011941,0.102551,0.010631
Revenue,0.145012,-0.045995,-0.114865,0.183733,0.13136,0.122604,0.629081,0.689617,-0.026134,0.028259,1.0,0.654597,-0.179666,0.017071,0.132343
Book Value,0.117692,-0.051401,-0.100653,0.172644,0.098684,0.098551,0.792306,0.869429,0.20297,-0.042058,0.654597,1.0,0.136057,0.014224,0.129037
EBITDA Margin,0.007479,-0.053815,0.154939,-0.043915,-0.004245,0.001234,0.180962,0.193892,0.650533,0.011941,-0.179666,0.136057,1.0,0.00079,-0.027929
Range 52W pct,0.261699,0.103671,-0.280882,0.194941,-0.008698,0.340675,0.060534,0.065209,0.236067,0.102551,0.017071,0.014224,0.00079,1.0,0.146282
Price Pos 52W,0.177633,0.077209,-0.27877,0.144731,0.044909,0.082337,0.127409,0.144062,0.121472,0.010631,0.132343,0.129037,-0.027929,0.146282,1.0
