antecedents,consequents,support,confidence,lift
SET/6 RED SPOTTY PAPER PLATES,SET/20 RED RETROSPOT PAPER NAPKINS + SET/6 RED SPOTTY PAPER CUPS,0.0385,0.6606,16.7101
SET/20 RED RETROSPOT PAPER NAPKINS + SET/6 RED SPOTTY PAPER CUPS,SET/6 RED SPOTTY PAPER PLATES,0.0385,0.973,16.7101
SET/6 RED SPOTTY PAPER CUPS,SET/20 RED RETROSPOT PAPER NAPKINS + SET/6 RED SPOTTY PAPER PLATES,0.0385,0.6667,15.6
SET/20 RED RETROSPOT PAPER NAPKINS + SET/6 RED SPOTTY PAPER PLATES,SET/6 RED SPOTTY PAPER CUPS,0.0385,0.9,15.6
SET/6 RED SPOTTY PAPER CUPS,SET/6 RED SPOTTY PAPER PLATES,0.0513,0.8889,15.2661
SET/6 RED SPOTTY PAPER PLATES,SET/6 RED SPOTTY PAPER CUPS,0.0513,0.8807,15.2661
CHILDRENS CUTLERY DOLLY GIRL,CHILDRENS CUTLERY SPACEBOY,0.0417,0.8125,14.9118
CHILDRENS CUTLERY SPACEBOY,CHILDRENS CUTLERY DOLLY GIRL,0.0417,0.7647,14.9118
ROSES REGENCY TEACUP AND SAUCER,GREEN REGENCY TEACUP AND SAUCER,0.0358,0.6147,14.2059
GREEN REGENCY TEACUP AND SAUCER,ROSES REGENCY TEACUP AND SAUCER,0.0358,0.8272,14.2059
ALARM CLOCK BAKELIKE GREEN,ALARM CLOCK BAKELIKE PINK + ALARM CLOCK BAKELIKE RED,0.0304,0.5481,13.3247
ALARM CLOCK BAKELIKE PINK + ALARM CLOCK BAKELIKE RED,ALARM CLOCK BAKELIKE GREEN,0.0304,0.7403,13.3247
ALARM CLOCK BAKELIKE GREEN + ALARM CLOCK BAKELIKE PINK,ALARM CLOCK BAKELIKE RED,0.0304,0.8382,12.9684
ALARM CLOCK BAKELIKE RED,ALARM CLOCK BAKELIKE GREEN,0.0411,0.6364,11.4545
ALARM CLOCK BAKELIKE GREEN,ALARM CLOCK BAKELIKE RED,0.0411,0.7404,11.4545
ALARM CLOCK BAKELIKE GREEN + ALARM CLOCK BAKELIKE RED,ALARM CLOCK BAKELIKE PINK,0.0304,0.7403,10.9115
RED KITCHEN SCALES,IVORY KITCHEN SCALES,0.0304,0.6129,10.5262
IVORY KITCHEN SCALES,RED KITCHEN SCALES,0.0304,0.5229,10.5262
ALARM CLOCK BAKELIKE GREEN,ALARM CLOCK BAKELIKE PINK,0.0363,0.6538,9.6378
ALARM CLOCK BAKELIKE PINK,ALARM CLOCK BAKELIKE GREEN,0.0363,0.5354,9.6378
SET/6 RED SPOTTY PAPER CUPS + SET/6 RED SPOTTY PAPER PLATES,SET/20 RED RETROSPOT PAPER NAPKINS,0.0385,0.75,9.6164
SET/6 RED SPOTTY PAPER PLATES,SET/20 RED RETROSPOT PAPER NAPKINS,0.0427,0.7339,9.4106
SET/20 RED RETROSPOT PAPER NAPKINS,SET/6 RED SPOTTY PAPER PLATES,0.0427,0.5479,9.4106
ALARM CLOCK BAKELIKE PINK,ALARM CLOCK BAKELIKE RED,0.0411,0.6063,9.3801
ALARM CLOCK BAKELIKE RED,ALARM CLOCK BAKELIKE PINK,0.0411,0.6364,9.3801
SET/20 RED RETROSPOT PAPER NAPKINS,SET/6 RED SPOTTY PAPER CUPS,0.0395,0.5068,8.7854
SET/6 RED SPOTTY PAPER CUPS,SET/20 RED RETROSPOT PAPER NAPKINS,0.0395,0.6852,8.7854
RED RETROSPOT CHARLOTTE BAG,WOODLAND CHARLOTTE BAG,0.0401,0.5814,7.1603
DOLLY GIRL LUNCH BOX,SPACEBOY LUNCH BOX,0.0598,0.7417,6.9774
SPACEBOY LUNCH BOX,DOLLY GIRL LUNCH BOX,0.0598,0.5628,6.9774
PLASTERS IN TIN CIRCUS PARADE + PLASTERS IN TIN SPACEBOY,PLASTERS IN TIN WOODLAND ANIMALS,0.0395,0.7629,6.551
PLASTERS IN TIN CIRCUS PARADE + PLASTERS IN TIN WOODLAND ANIMALS,PLASTERS IN TIN SPACEBOY,0.0395,0.6218,6.5034
LUNCH BAG SPACEBOY DESIGN,LUNCH BAG WOODLAND,0.0321,0.5042,6.4209
PLASTERS IN TIN SPACEBOY + PLASTERS IN TIN WOODLAND ANIMALS,PLASTERS IN TIN CIRCUS PARADE,0.0395,0.6271,5.7547
CIRCUS PARADE LUNCH BOX,SPACEBOY LUNCH BOX,0.031,0.6042,5.6834
PLASTERS IN TIN SPACEBOY,PLASTERS IN TIN WOODLAND ANIMALS,0.063,0.6592,5.6608
PLASTERS IN TIN WOODLAND ANIMALS,PLASTERS IN TIN SPACEBOY,0.063,0.5413,5.6608
PLASTERS IN TIN STRONGMAN,PLASTERS IN TIN CIRCUS PARADE,0.0411,0.6063,5.5637
PLASTERS IN TIN WOODLAND ANIMALS,PLASTERS IN TIN CIRCUS PARADE,0.0636,0.5459,5.0092
PLASTERS IN TIN CIRCUS PARADE,PLASTERS IN TIN WOODLAND ANIMALS,0.0636,0.5833,5.0092
PLASTERS IN TIN SPACEBOY,PLASTERS IN TIN CIRCUS PARADE,0.0518,0.5419,4.9727
PLASTERS IN TIN STRONGMAN,PLASTERS IN TIN WOODLAND ANIMALS,0.0379,0.5591,4.8007
ROUND SNACK BOXES SET OF 4 FRUITS,ROUND SNACK BOXES SET OF4 WOODLAND,0.0748,0.7527,4.635
ROSES REGENCY TEACUP AND SAUCER,REGENCY CAKESTAND 3 TIER,0.0379,0.6514,4.0243
SPACEBOY LUNCH BOX,ROUND SNACK BOXES SET OF4 WOODLAND,0.055,0.5176,3.1873
